{
<<<<<<< HEAD
  "DAN_HYD_INFO": 13.0,
  "speed": 61.14625673400007,
=======
  "DAN_HYD_INFO": 0.0,
  "speed": 86.27651795659949,
>>>>>>> 9e0e8944d3991b509012801688b663f18d13db35
  "rover_x": 10.0,
  "rover_y": 15.0
}